id,first_name,last_name
1,Zeta,Smith
2,Mart,Casper
3,Jerald,Stiedemann
4,Edie,Kuvalis
5,Herschel,Cummerata
6,Malik,Simonis
7,Jaquan,Hirthe
8,Ramsey,Olson
9,Lazaro,Lemke
10,Maverick,Douglas
11,Delisa,Gorczany
12,Rice,Jones
13,Immanuel,Bashirian
14,Tara,Mills
15,Jep,Schmeler
16,Emogene,Lakin
17,Neha,Roob
18,Bliss,Harber
19,Draven,Roob
20,Jerad,Kunde
21,Stephenie,Kris
22,Louanna,Grady
23,Paris,Lynch
24,Lissette,Rowe
25,Luc,Labadie
26,Elouise,Mante
27,Thalia,Ledner
28,Malaya,Christiansen
29,Israel,Ebert
30,Channing,Muller
31,Bird,Herzog
32,Axel,Halvorson
33,Aili,Brakus
34,Derald,Swaniawski
35,Lonna,Bins
36,Sasha,Macejkovic
37,Eldred,Emmerich
38,Monica,Kub
39,Loyal,Moen
40,Jalisa,Gleason
41,Michale,Oberbrunner
42,Hannah,Christiansen
43,Malaya,Weimann
44,Virdie,Goldner
45,Ahmad,Hauck
46,Orrin,Schneider
47,Krista,Lesch
48,Zella,Turner
49,Lenard,Funk
50,Bedford,Reichert
51,Ulises,Hane
52,Avis,Boyle
53,Reyes,Frami
54,Delbert,Cole
55,Eboni,Marquardt
56,Douglas,Considine
57,Gonzalo,D'Amore
58,Rexford,Hyatt
59,Theola,Stoltenberg
60,Clair,Morissette
61,Rylee,Homenick
62,Patricia,Kovacek
63,Margene,Jacobs
64,Campbell,Conroy
65,Rhett,Bogan
66,Prosper,Hoeger
67,Loney,Shanahan
68,Kayla,Beer
69,Zaire,Lang
70,Marlo,Gutkowski
71,Cristine,Hettinger
72,Brittnee,Weissnat
73,Terrell,McDermott
74,Luc,Ullrich
75,Claudie,Schulist
76,Arba,Marquardt
77,Eligah,Williamson
78,Alfredo,Hackett
79,Sherree,Jakubowski
80,Liza,Stamm
81,Citlalli,Botsford
82,Penni,Champlin
83,Janay,Johns
84,Fielding,Rohan
85,Cleda,Powlowski
86,Rosita,Bauch
87,Robbin,Moen
88,Karrie,Bode
89,Hughie,Buckridge
90,Leala,Hagenes
91,Verner,McCullough
92,Caldonia,Schamberger
93,Kyra,Harvey
94,Jannie,Romaguera
95,Teagan,Daniel
96,Reyna,Herzog
97,Jered,Swift
98,Brien,Sipes
99,Llewellyn,Bins
100,Marilynn,Baumbach
101,Carri,Gutkowski
102,Orpha,Feest
103,Alicia,Stark
104,Keanna,Mraz
105,Pranav,Ryan
106,Buena,Ullrich
107,Walker,Rogahn
108,Estell,Beier
109,Osvaldo,Conn
110,Lindbergh,Swaniawski
111,Hillard,Oberbrunner
112,Ota,Gleason
113,Karter,Heller
114,Kathrine,Wiza
115,Harvie,Wilderman
116,Ammie,Upton
117,Dominick,Harris
118,Deforest,O'Connell
119,Trenton,Goldner
120,Thelma,Leffler
121,Carly,Walker
122,Vicki,Ondricka
123,Kason,Yundt
124,Jacquelin,Bradtke
125,Evelynn,Feeney
126,Wardell,Boehm
127,Garth,Haley
128,Duwayne,Pagac
129,Con,Keebler
130,Waino,Marvin
131,Florance,Morar
132,Immanuel,Predovic
133,Delvin,Gleichner
134,Mandy,Christiansen
135,Allene,Bartell
136,Hayley,Sporer
137,Brent,Dach
138,Kassidy,Welch
139,Payten,Walsh
140,Andy,Kuhn
141,Charleen,Williamson
142,Aletha,Kessler
143,Charleen,McDermott
144,Andrea,Wyman
145,Dolph,Batz
146,Maximiliano,Bernhard
147,Bethel,Stanton
148,Alver,Schoen
149,Loni,Wilderman
150,Bree,Kautzer
151,Geovanni,Howe
152,Shanequa,Kovacek
153,Jaydon,Daniel
154,Dudley,Schimmel
155,Dallin,Turcotte
156,Crystal,Feeney
157,Lidie,Strosin
158,Traci,Feeney
159,Levon,Ward
160,Loda,Mohr
161,Rolf,Rice
162,Elzy,Dietrich
163,Goebel,Kunze
164,Ida,Boyle
165,Tai,Pfeffer
166,Carmine,Spinka
167,Stevan,Prosacco
168,Sherrie,Schoen
169,Leamon,Beahan
170,Jacoby,Bergnaum
171,Angel,Hilll
172,Rhys,Lebsack
173,Rossie,Abshire
174,Ancil,Parker
175,Taja,Greenfelder
176,Blake,Pollich
177,Ama,Weissnat
178,Kandice,Wilkinson
179,Gaylen,Harvey
180,Alison,Durgan
181,Lavonia,Bailey
182,Devonta,Satterfield
183,Blake,Lesch
184,Lawerence,Kshlerin
185,Sidney,Carroll
186,Merna,Walsh
187,Shae,Powlowski
188,Ginny,Ledner
189,Fisher,Reinger
190,Kamron,McLaughlin
191,Major,Effertz
192,Layla,Barton
193,Margaret,Barton
194,Zeke,Huel
195,Emelie,Bernhard
196,Alycia,Dach
197,Fawn,Gorczany
198,Augustina,Hickle
199,Bud,Hand
200,Chante,Durgan
